method,count,mean,std,sem
io,100,6.633333333333334,2.149569946287929,0.2149569946287929
cot,100,6.496666666666666,2.191451097437018,0.21914510974370177
tot,100,6.94,2.130627492760489,0.2130627492760489
io_refine,100,6.6433333333333335,2.141595427813334,0.21415954278133337
cot_refine,100,6.823333333333334,2.155282186143608,0.21552821861436078
tot_refine,100,7.136666666666667,2.0975615151323477,0.20975615151323476
