method,count,mean,std,sem,ci95_low,ci95_high
best_io,100,7.933333333333334,1.8610545747480909,0.18610545747480908,7.568566636682708,8.29810002998396
best_cot,100,7.61,1.9994696266457233,0.19994696266457232,7.2181039531774385,8.001896046822562
tot,100,6.94,2.130627492760489,0.2130627492760489,6.522397011418945,7.357602988581056
