source_group,method,mean,sem,n
Original GPT-4 logs,Original CoT,8.213999999999999,0.06471413440601051,100
Original GPT-4 logs,Original Standard,7.960000000000001,0.08035275761643565,100
Our Gemini runs,CoT,6.496666666666666,0.21914510974370183,100
Our Gemini runs,CoT+Refine,6.823333333333334,0.21552821861436078,100
Our Gemini runs,IO,6.633333333333334,0.21495699462879286,100
Our Gemini runs,IO+Refine,6.643333333333333,0.21415954278133334,100
Our Gemini runs,ToT,6.94,0.2130627492760489,100
Our Gemini runs,ToT+Refine,7.136666666666668,0.20975615151323476,100
