method,n,mean_score,std_score,median_score,min_score,max_score,sem_score,mean_elapsed_s,median_elapsed_s,mean_words,mean_paragraphs,all_endings_match_rate,ci95_low,ci95_high
COT,100,6.496666666666666,2.191451097437018,6.666666666666667,2.0,10.0,0.21914510974370183,92.3679,34.885000000000005,226.14,4.0,0.74,6.0671422515690105,6.926191081764322
IO,100,6.633333333333334,2.149569946287929,6.666666666666667,2.6666666666666665,10.0,0.2149569946287928,85.1758,36.614999999999995,243.05,4.0,0.77,6.2120176238609,7.054649042805767
TOT,100,6.94,2.130627492760489,7.0,2.6666666666666665,10.0,0.21306274927604885,394.72360000000003,374.32,257.73,4.0,0.63,6.522397011418945,7.357602988581056
cot_refine,100,6.823333333333334,2.155282186143608,7.0,2.0,10.0,0.21552821861436072,25.4054,25.08,241.8,4.0,0.72,6.400898024849187,7.245768641817481
io_refine,100,6.6433333333333335,2.141595427813334,6.833333333333334,2.3333333333333335,10.0,0.21415954278133337,30.488000000000003,6.369999999999999,257.22,4.0,0.75,6.22358062948192,7.063086037184747
tot_refine,100,7.136666666666667,2.0975615151323477,7.333333333333333,2.3333333333333335,10.0,0.20975615151323462,23.4931,4.395,262.04,4.0,0.63,6.7255446097007265,7.547788723632607
